shop,condition,brand,model,size,original,current,url
snowmania.ge,new,ATOMIC,ATOMIC AWX PRIME RX W,23,1850.00,.,https://snowmania.ge/product/atomic-awx-prime-rx-w/
snowmania.ge,new,ATOMIC,ATOMIC AWX PRIME RX W,5,1850.00,.,https://snowmania.ge/product/atomic-awx-prime-rx-w/
snowmania.ge,new,ATOMIC,ATOMIC AWX PRIME RX W,24,1850.00,.,https://snowmania.ge/product/atomic-awx-prime-rx-w/
snowmania.ge,new,ATOMIC,ATOMIC AWX PRIME RX W,5,1850.00,.,https://snowmania.ge/product/atomic-awx-prime-rx-w/
snowmania.ge,new,ATOMIC,ATOMIC AWX PRIME RX W,25,1850.00,.,https://snowmania.ge/product/atomic-awx-prime-rx-w/
snowmania.ge,new,ATOMIC,ATOMIC AWX PRIME RX W,5,1850.00,.,https://snowmania.ge/product/atomic-awx-prime-rx-w/
snowmania.ge,new,ATOMIC,ATOMIC AWX PRIME RX W,26,1850.00,.,https://snowmania.ge/product/atomic-awx-prime-rx-w/
snowmania.ge,new,ATOMIC,ATOMIC AWX PRIME RX W,5,1850.00,.,https://snowmania.ge/product/atomic-awx-prime-rx-w/
snowmania.ge,new,ATOMIC,ATOMIC BENT 100 + BINDINGS STR 11,179,1700.00,.,https://snowmania.ge/product/atomic-bent-100-bindings-str-11/
snowmania.ge,new,ATOMIC,ATOMIC BENT 100 + BINDINGS STR 11,184,1700.00,.,https://snowmania.ge/product/atomic-bent-100-bindings-str-11/
snowmania.ge,new,ATOMIC,ATOMIC MAVERICK 84,162,220.00,.,https://snowmania.ge/product/atomic-maverick-84/
snowmania.ge,new,ATOMIC,ATOMIC MAVERICK 84,171,220.00,.,https://snowmania.ge/product/atomic-maverick-84/
snowmania.ge,new,ATOMIC,ATOMIC MAVERICK 84,180,220.00,.,https://snowmania.ge/product/atomic-maverick-84/
snowmania.ge,new,ATOMIC,ATOMIC REDSTER TI + MI12,147,1900.00,.,https://snowmania.ge/product/atomic/
snowmania.ge,new,ATOMIC,ATOMIC REDSTER TI + MI12,154,1900.00,.,https://snowmania.ge/product/atomic/
snowmania.ge,new,ATOMIC,ATOMIC REDSTER TI + MI12,161,1900.00,.,https://snowmania.ge/product/atomic/
snowmania.ge,new,ATOMIC,ATOMIC REDSTER TI + MI12,168,1900.00,.,https://snowmania.ge/product/atomic/
snowmania.ge,new,DYNASTAR,DYNASTAR,164,1650.00,.,https://snowmania.ge/product/dynastar/
snowmania.ge,new,ELAN,ELAN IBEX 78,163,2700.00,.,https://snowmania.ge/product/elan-ibex-78/
snowmania.ge,new,ELAN,ELAN IBEX 78,170,2700.00,.,https://snowmania.ge/product/elan-ibex-78/
snowmania.ge,new,ELAN,ELAN IBEX 78,177,2700.00,.,https://snowmania.ge/product/elan-ibex-78/
snowmania.ge,new,ELAN,ELAN RIPSTICK TOUR 88,177,1450.00,.,https://snowmania.ge/product/elan-ripstick-tour-88/
snowmania.ge,new,ROSSIGNOL,ROSSIGNOL,156,1450.00,.,https://snowmania.ge/product/rossignol-2/
snowmania.ge,new,ROSSIGNOL,ROSSIGNOL,164,1450.00,.,https://snowmania.ge/product/rossignol-2/
snowmania.ge,new,ROSSIGNOL,ROSSIGNOL,171,1450.00,.,https://snowmania.ge/product/rossignol-2/
snowmania.ge,new,ROSSIGNOL,ROSSIGNOL HERO LTD XP11,152,2240.00,.,https://snowmania.ge/product/rossignol-hero/
snowmania.ge,new,ROSSIGNOL,ROSSIGNOL HERO LTD XP11,157,2240.00,.,https://snowmania.ge/product/rossignol-hero/
snowmania.ge,new,ROSSIGNOL,ROSSIGNOL HERO LTD XP11,162,2240.00,.,https://snowmania.ge/product/rossignol-hero/
snowmania.ge,new,ROSSIGNOL,ROSSIGNOL HERO LTD XP11,167,2240.00,.,https://snowmania.ge/product/rossignol-hero/
snowmania.ge,new,ROSSIGNOL,ROSSIGNOL HERO LTD XP11,172,2240.00,.,https://snowmania.ge/product/rossignol-hero/
snowmania.ge,new,ROSSIGNOL,ROSSIGNOL SPRAYER PRO XP 10,158,1060.00,.,https://snowmania.ge/product/rossignol-sprayer-pro-xp-10/
snowmania.ge,new,ROSSIGNOL,ROSSIGNOL SPRAYER PRO XP 10,168,1060.00,.,https://snowmania.ge/product/rossignol-sprayer-pro-xp-10/
snowmania.ge,new,ROSSIGNOL,ROSSIGNOL SPRAYER PRO XP 10,178,1060.00,.,https://snowmania.ge/product/rossignol-sprayer-pro-xp-10/
snowmania.ge,new,VOLKL,VOLKL DEACON 7.2,163,1750.00,.,https://snowmania.ge/product/volkl-2/
snowmania.ge,new,VOLKL,VOLKL FLAIR 76 LTD,147,1450.00,.,https://snowmania.ge/product/volkl-4/
snowmania.ge,new,VOLKL,VOLKL FLAIR 76 LTD,161,1450.00,.,https://snowmania.ge/product/volkl-4/
snowmania.ge,new,VOLKL,VOLKL FLAIR ALESSIA,144,950.00,.,https://snowmania.ge/product/volkl-3/
snowmania.ge,new,VOLKL,VOLKL FLAIR ALESSIA,151,950.00,.,https://snowmania.ge/product/volkl-3/
snowmania.ge,new,VOLKL,VOLKL FLAIR ALESSIA,158,950.00,.,https://snowmania.ge/product/volkl-3/
snowmania.ge,used,ARMADA,ARMADA,179,1455.00,.,https://snowmania.ge/product/armada/
snowmania.ge,used,ATOMIC,Atomic Redster G9,183,1350.00,.,https://snowmania.ge/product/atomic-redster-g9/
snowmania.ge,used,ATOMIC,Atomic Redster S9,171,1350.00,.,https://snowmania.ge/product/atomic-redster-s9/
snowmania.ge,used,ATOMIC,ATOMIC REDSTER XT,178,1350.00,.,https://snowmania.ge/product/atomic-redster-xt/
snowmania.ge,used,Black Crows,Black Crows,170,1450.00,.,https://snowmania.ge/product/black-crows/
snowmania.ge,used,BOMBER,Bomber Pro Terrain 84 masters Blue,161,1700.00,.,https://snowmania.ge/product/bomber-pro-terrain-84-masters-blue/
snowmania.ge,used,BOMBER,Bomber Pro Terrain 84 masters Blue,171,1700.00,.,https://snowmania.ge/product/bomber-pro-terrain-84-masters-blue/
snowmania.ge,used,BOMBER,Bomber Ski Pro Carve Black,156,1500.00,.,https://snowmania.ge/product/bomber-ski-pro-carve-black/
snowmania.ge,used,BOMBER,Bomber Ski Pro Carve Black,166,1500.00,.,https://snowmania.ge/product/bomber-ski-pro-carve-black/
snowmania.ge,used,BOMBER,Bomber Ski Pro Carve Black,176,1500.00,.,https://snowmania.ge/product/bomber-ski-pro-carve-black/
snowmania.ge,used,BOMBER,Bomber Ski Pro Carve Black,186,1500.00,.,https://snowmania.ge/product/bomber-ski-pro-carve-black/
snowmania.ge,used,BOMBER,Bomber Ski Pro Carve White,156,1700.00,.,https://snowmania.ge/product/bomber-ski-pro-carve-white/
snowmania.ge,used,BOMBER,Bomber Ski Pro Carve White,161,1700.00,.,https://snowmania.ge/product/bomber-ski-pro-carve-white/
snowmania.ge,used,BOMBER,Bomber Ski Pro Carve White,166,1700.00,.,https://snowmania.ge/product/bomber-ski-pro-carve-white/
snowmania.ge,used,BOMBER,Bomber Ski Pro Carve White,176,1700.00,.,https://snowmania.ge/product/bomber-ski-pro-carve-white/
snowmania.ge,used,DYNASTAR,Dynastar Legend 88,166,1250.00,.,https://snowmania.ge/product/dynastar-legend-88/
snowmania.ge,used,DYNASTAR,Dynastar Legend 88,173,1250.00,.,https://snowmania.ge/product/dynastar-legend-88/
snowmania.ge,used,DYNASTAR,Dynastar Legend 88,188,1250.00,.,https://snowmania.ge/product/dynastar-legend-88/
snowmania.ge,used,DYNASTAR,Dynastar Legend 96,165,1450.00,.,https://snowmania.ge/product/dynastar-legend-96/
snowmania.ge,used,DYNASTAR,Dynastar Speed Zone 12 Ti,174,980.00,.,https://snowmania.ge/product/dynastar-speed-zone-12-ti/
snowmania.ge,used,DYNASTAR,Dynastar Speed Zone 12 Ti,182,980.00,.,https://snowmania.ge/product/dynastar-speed-zone-12-ti/
snowmania.ge,used,ELAN,ELAN Amphibio,178,1000.00,.,https://snowmania.ge/product/elan-amphibio/
snowmania.ge,used,ELAN,Elan Element,160,1450.00,.,https://snowmania.ge/product/elan-element/
snowmania.ge,used,ELAN,Elan Element,168,1450.00,.,https://snowmania.ge/product/elan-element/
snowmania.ge,used,ELAN,Elan Element,176,1450.00,.,https://snowmania.ge/product/elan-element/
snowmania.ge,used,ELAN,ELAN IBEX 84,163,4500.00,.,https://snowmania.ge/product/elan-ibex-84/
snowmania.ge,used,ELAN,ELAN IBEX 84,170,4500.00,.,https://snowmania.ge/product/elan-ibex-84/
snowmania.ge,used,ELAN,ELAN IBEX 84,177,4500.00,.,https://snowmania.ge/product/elan-ibex-84/
snowmania.ge,used,ELAN,Elan Jett QS,100,650.00,.,https://snowmania.ge/product/elan-jett-qs/
snowmania.ge,used,ELAN,Elan Jett QS,110,650.00,.,https://snowmania.ge/product/elan-jett-qs/
snowmania.ge,used,ELAN,Elan Jett QS,120,650.00,.,https://snowmania.ge/product/elan-jett-qs/
snowmania.ge,used,ELAN,Elan Jett QS,130,650.00,.,https://snowmania.ge/product/elan-jett-qs/
snowmania.ge,used,ELAN,Elan Jett QS,140,650.00,.,https://snowmania.ge/product/elan-jett-qs/
snowmania.ge,used,ELAN,Elan Jett QS,150,650.00,.,https://snowmania.ge/product/elan-jett-qs/
snowmania.ge,used,ELAN,Elan Jett QS,80,650.00,.,https://snowmania.ge/product/elan-jett-qs/
snowmania.ge,used,ELAN,Elan Jett QS,90,650.00,.,https://snowmania.ge/product/elan-jett-qs/
snowmania.ge,used,ELAN,Elan RipStick 88,188,1750.00,.,https://snowmania.ge/product/elan-ripstick-88/
snowmania.ge,used,ELAN,Elan Ripstick 88 W Skis  2022,178,1450.00,.,https://snowmania.ge/product/elan-ripstick-88-w-skis-%c2%b7-womens-%c2%b7-2022/
snowmania.ge,used,ELAN,Elan Ripstick 96,174,1550.00,.,https://snowmania.ge/product/elan-ripstick-96/
snowmania.ge,used,ELAN,Elan Ripstick 96,180,1550.00,.,https://snowmania.ge/product/elan-ripstick-96/
snowmania.ge,used,ELAN,Elan Ripstick 96,181,1550.00,.,https://snowmania.ge/product/elan-ripstick-96/
snowmania.ge,used,ELAN,ELAN SLINGSHOT 86 Flat,176,1450.00,.,https://snowmania.ge/product/elan-slingshot-86-flat/
snowmania.ge,used,ELAN,Elan STARR QS,100,170.00,.,https://snowmania.ge/product/elan-starr-qs/
snowmania.ge,used,ELAN,Elan STARR QS,110,170.00,.,https://snowmania.ge/product/elan-starr-qs/
snowmania.ge,used,ELAN,Elan STARR QS,120,170.00,.,https://snowmania.ge/product/elan-starr-qs/
snowmania.ge,used,ELAN,Elan STARR QS,130,170.00,.,https://snowmania.ge/product/elan-starr-qs/
snowmania.ge,used,ROSSIGNOL,Experience 80x,168,830.00,.,https://snowmania.ge/product/experience-80x/
snowmania.ge,used,ROSSIGNOL,Experience 80x,188,830.00,.,https://snowmania.ge/product/experience-80x/
snowmania.ge,used,FISCHER,Fischer Pro Mtn 77,159,1350.00,.,https://snowmania.ge/product/fischer-pro-mtn-77/
snowmania.ge,used,FISCHER,Fischer Pro Mtn 77,173,1350.00,.,https://snowmania.ge/product/fischer-pro-mtn-77/
snowmania.ge,used,FISCHER,Fischer rc4 curv pro,140,630.00,.,https://snowmania.ge/product/fischer-rc4-curv-pro/
snowmania.ge,used,FISCHER,Fischer rc4 curv pro,150,630.00,.,https://snowmania.ge/product/fischer-rc4-curv-pro/
snowmania.ge,used,FISCHER,Fischer rc4 curv pro,160,630.00,.,https://snowmania.ge/product/fischer-rc4-curv-pro/
snowmania.ge,used,FISCHER,FISCHER RC4 WORLDCUP SC,160,1300.00,.,https://snowmania.ge/product/fischer-rc4-worldcup-sc/
snowmania.ge,used,FISCHER,Fischer Xtr Rc4 Speed Rt,160,880.00,.,https://snowmania.ge/product/fischer-xtr-rc4-speed-rt/
snowmania.ge,used,FISCHER,Fischer XTR THE CURV RT,164,870.00,.,https://snowmania.ge/product/fischer-xtr-the-curv-rt/
snowmania.ge,used,FISCHER,Fischer XTR THE CURV RT,178,870.00,.,https://snowmania.ge/product/fischer-xtr-the-curv-rt/
snowmania.ge,used,HEAD,HEAD AMBITION 83,177,1200.00,.,https://snowmania.ge/product/head-ambition-83/
snowmania.ge,used,HEAD,HEAD KORE 117 FREERIDE SKI,189,,650.00,https://snowmania.ge/product/head-kore-117-freeride-ski/
snowmania.ge,used,HEAD,HEAD KORE 87,184,1450.00,.,https://snowmania.ge/product/head-kore-87/
snowmania.ge,used,HEAD,HEAD KORE 93,162,1550.00,.,https://snowmania.ge/product/head-kore-93/
snowmania.ge,used,HEAD,HEAD KORE 93,171,1550.00,.,https://snowmania.ge/product/head-kore-93/
snowmania.ge,used,HEAD,HEAd Supershape e-Magnum,156,3200.00,.,https://snowmania.ge/product/head-supershape-e-magnum/
snowmania.ge,used,HEAD,HEAd Supershape e-Magnum,163,3200.00,.,https://snowmania.ge/product/head-supershape-e-magnum/
snowmania.ge,used,HEAD,HEAd Supershape e-Magnum,170,3200.00,.,https://snowmania.ge/product/head-supershape-e-magnum/
snowmania.ge,used,HEAD,HEAd Supershape e-Magnum,177,3200.00,.,https://snowmania.ge/product/head-supershape-e-magnum/
snowmania.ge,used,HEAD,Head V-SHAPE V10,170,1550.00,.,https://snowmania.ge/product/head-v-shape-v10/
snowmania.ge,used,HEAD,Head V-SHAPE V10,177,1550.00,.,https://snowmania.ge/product/head-v-shape-v10/
snowmania.ge,used,HEAD,Head V-SHAPE V10,184,1550.00,.,https://snowmania.ge/product/head-v-shape-v10/
snowmania.ge,used,KASTLE,Kastle DX85 W + K10 SLR GW,160,1450.00,.,https://snowmania.ge/product/kastle-dx85-w-k10-slr-gw/
snowmania.ge,used,KASTLE,KASTLE FX96,164,1450.00,.,https://snowmania.ge/product/kastle-fx96/
snowmania.ge,used,KASTLE,Kästle PX71 PREM,162,670.00,.,https://snowmania.ge/product/kastle-px71-prem/
snowmania.ge,used,KASTLE,Kästle PX71 PREM,169,670.00,.,https://snowmania.ge/product/kastle-px71-prem/
snowmania.ge,used,KASTLE,Kästle PX71 PREM,171,670.00,.,https://snowmania.ge/product/kastle-px71-prem/
snowmania.ge,used,LACROIX,LACROIX,168,1650.00,.,https://snowmania.ge/product/lacroix/
snowmania.ge,used,LACROIX,LACROIX,176,1650.00,.,https://snowmania.ge/product/lacroix/
snowmania.ge,used,LACROIX,LACROIX,156,1400.00,.,https://snowmania.ge/product/lacroix-3/
snowmania.ge,used,LACROIX,LACROIX,165,1400.00,.,https://snowmania.ge/product/lacroix-3/
snowmania.ge,used,LACROIX,LACROIX,172,1400.00,.,https://snowmania.ge/product/lacroix-3/
snowmania.ge,used,LACROIX,LACROIX,146,1750.00,.,https://snowmania.ge/product/lacroix-2/
snowmania.ge,used,LACROIX,LACROIX,152,1750.00,.,https://snowmania.ge/product/lacroix-2/
snowmania.ge,used,LACROIX,LACROIX,162,1750.00,.,https://snowmania.ge/product/lacroix-2/
snowmania.ge,used,ROSSIGNOL,ROSSIGNOL,100,1750.00,.,https://snowmania.ge/product/rossignol-3/
snowmania.ge,used,ROSSIGNOL,ROSSIGNOL,105,1750.00,.,https://snowmania.ge/product/rossignol-3/
snowmania.ge,used,ROSSIGNOL,ROSSIGNOL,110,1750.00,.,https://snowmania.ge/product/rossignol-3/
snowmania.ge,used,ROSSIGNOL,ROSSIGNOL,115,1750.00,.,https://snowmania.ge/product/rossignol-3/
snowmania.ge,used,ROSSIGNOL,Rossignol Black Ops Escaper,178,3400.00,.,https://snowmania.ge/product/rossignol-black-ops-escaper/
snowmania.ge,used,ROSSIGNOL,Rossignol Hero Elite Plus TI,167,1950.00,.,https://snowmania.ge/product/rossignol-hero-elite-plus-ti/
snowmania.ge,used,ROSSIGNOL,Rossignol Hero Elite Plus TI,174,1950.00,.,https://snowmania.ge/product/rossignol-hero-elite-plus-ti/
snowmania.ge,used,ROSSIGNOL,Rossignol Hero Elite Plus TI,182,1950.00,.,https://snowmania.ge/product/rossignol-hero-elite-plus-ti/
snowmania.ge,used,ROSSIGNOL,Rossignol React 6 HP,177,950.00,.,https://snowmania.ge/product/rossignol-react-6-hp/
snowmania.ge,used,ROSSIGNOL,Rossignol REACT 7 LTD,177,1300.00,.,https://snowmania.ge/product/rossignol-react-7-ltd/
snowmania.ge,used,ROSSIGNOL,Rossignol React R6,163,1050.00,.,https://snowmania.ge/product/rossignol-react-r6/
snowmania.ge,used,ROSSIGNOL,ROSSIGNOL SPICY 7,154,900.00,.,https://snowmania.ge/product/rossignol-spicy-7/
snowmania.ge,used,ROSSIGNOL,ROSSIGNOL SPICY 7,162,900.00,.,https://snowmania.ge/product/rossignol-spicy-7/
snowmania.ge,used,ROSSIGNOL,ROSSIGNOL SPICY 7,168,900.00,.,https://snowmania.ge/product/rossignol-spicy-7/
snowmania.ge,used,SALOMON,SALOMON,153,1850.00,.,https://snowmania.ge/product/salomon-2/
snowmania.ge,used,SALOMON,SALOMON,161,1850.00,.,https://snowmania.ge/product/salomon-2/
snowmania.ge,used,SALOMON,SALOMON,169,1850.00,.,https://snowmania.ge/product/salomon-2/
snowmania.ge,used,SALOMON,SALOMON,177,1850.00,.,https://snowmania.ge/product/salomon-2/
snowmania.ge,used,SALOMON,SALOMON S/FORCE X6,160,1350.00,.,https://snowmania.ge/product/salomon-s-force-x6/
snowmania.ge,used,SALOMON,SALOMON S/FORCE X6,167,1350.00,.,https://snowmania.ge/product/salomon-s-force-x6/
snowmania.ge,used,SALOMON,SALOMON S/FORCE X6,175,1350.00,.,https://snowmania.ge/product/salomon-s-force-x6/
snowmania.ge,used,SALOMON,SALOMON SMAX X7,169,950.00,.,https://snowmania.ge/product/salomon-smax-x7/
snowmania.ge,used,VOLANT,Volant Silver Skis w/M 11 GW,150,1000.00,.,https://snowmania.ge/product/volant-silver-skis-w-m-11-gw/
snowmania.ge,used,VOLANT,Volant Silver Skis w/M 11 GW,155,1000.00,.,https://snowmania.ge/product/volant-silver-skis-w-m-11-gw/
snowmania.ge,used,VOLANT,Volant Silver Skis w/M 11 GW,160,1000.00,.,https://snowmania.ge/product/volant-silver-skis-w-m-11-gw/
snowmania.ge,used,VOLANT,Volant Silver Skis w/M 11 GW,165,1000.00,.,https://snowmania.ge/product/volant-silver-skis-w-m-11-gw/
snowmania.ge,used,VOLKL,VOLKL FLAIR SC LIMITED,163,1050.00,.,https://snowmania.ge/product/volkl-flair-sc-limited/
snowmania.ge,used,VOLKL,VOLKL Kanjo,175,1300.00,.,https://snowmania.ge/product/volkl-kanjo/
snowmania.ge,used,VOLKL,Volkl Kendo 88,170,770.00,.,https://snowmania.ge/product/volkl-kendo-88/
snowmania.ge,used,VOLKL,Volkl Kendo 88,184,770.00,.,https://snowmania.ge/product/volkl-kendo-88/
snowmania.ge,used,VOLKL,Völkl M6 Mantra Flat,179,750.00,.,https://snowmania.ge/product/volkl-m6-mantra-flat/
snowmania.ge,used,VOLKL,Völkl M6 Mantra Flat,184,750.00,.,https://snowmania.ge/product/volkl-m6-mantra-flat/
snowmania.ge,used,VOLKL,VÖLKL RACETIGER SRX,168,1050.00,.,https://snowmania.ge/product/volkl-racetiger-srx/
snowmania.ge,used,VOLKL,Völkl RTM 76,168,750.00,.,https://snowmania.ge/product/volkl-rtm-76/
